Date,High,Low,Open,Close,Volume,Adj Close
2019-12-31,36.7400016784668,36.31999969482422,36.369998931884766,36.599998474121094,5160200.0,36.0765266418457
2020-01-02,37.380001068115234,36.54999923706055,37.0,37.380001068115234,7454400.0,36.845375061035156
2020-01-03,36.91999816894531,36.11000061035156,36.72999954223633,36.31999969482422,9173000.0,35.800533294677734
2020-01-06,36.18000030517578,35.79999923706055,35.95000076293945,35.84000015258789,8408200.0,35.32740020751953
2020-01-07,35.84000015258789,34.7400016784668,35.75,35.150001525878906,17556800.0,34.64727020263672
2020-01-08,35.20000076293945,34.40999984741211,35.040000915527344,34.650001525878906,13229400.0,34.1544189453125
2020-01-09,35.099998474121094,34.529998779296875,34.9900016784668,35.08000183105469,9610400.0,34.57827377319336
2020-01-10,36.45000076293945,34.5099983215332,35.150001525878906,34.650001525878906,9644900.0,34.1544189453125
2020-01-13,35.0,34.4900016784668,34.689998626708984,34.97999954223633,7465700.0,34.47970199584961
2020-01-14,35.349998474121094,34.959999084472656,35.0,35.150001525878906,6827100.0,34.64727020263672
2020-01-15,35.31999969482422,34.88999938964844,35.0,35.150001525878906,7173900.0,34.64727020263672
2020-01-16,35.58000183105469,35.150001525878906,35.209999084472656,35.54999923706055,7280800.0,35.04154586791992
2020-01-17,35.72999954223633,35.40999984741211,35.56999969482422,35.599998474121094,9871700.0,35.0908317565918
2020-01-21,35.54999923706055,34.959999084472656,35.36000061035156,34.9900016784668,11550500.0,34.489559173583984
2020-01-22,35.349998474121094,34.86000061035156,35.130001068115234,34.90999984741211,7358400.0,34.410701751708984
2020-01-23,34.9900016784668,34.0099983215332,34.77000045776367,34.880001068115234,8595200.0,34.381134033203125
2020-01-24,34.9900016784668,34.0099983215332,34.900001525878906,34.310001373291016,9386600.0,33.81928253173828
2020-01-27,33.7599983215332,33.16999816894531,33.630001068115234,33.40999984741211,10359100.0,32.93215560913086
2020-01-28,33.86000061035156,33.34000015258789,33.56999969482422,33.63999938964844,8871000.0,33.15886306762695
2020-01-29,34.040000915527344,33.59000015258789,33.79999923706055,33.599998474121094,6977700.0,33.11943817138672
2020-01-30,33.45000076293945,32.970001220703125,33.400001525878906,33.33000183105469,11533000.0,32.853302001953125
2020-01-31,33.4900016784668,33.13999938964844,33.25,33.38999938964844,18631400.0,32.91244125366211
2020-02-03,34.34000015258789,33.52000045776367,33.560001373291016,33.720001220703125,17934700.0,33.23772048950195
2020-02-04,34.81999969482422,34.20000076293945,34.349998474121094,34.369998931884766,14346300.0,33.87842559814453
2020-02-05,35.45000076293945,34.189998626708984,34.900001525878906,35.029998779296875,19050400.0,34.52898406982422
2020-02-06,35.099998474121094,34.25,35.04999923706055,34.33000183105469,11866300.0,33.83899688720703
2020-02-07,34.15999984741211,33.41999816894531,34.08000183105469,33.630001068115234,14437100.0,33.149009704589844
2020-02-10,34.29999923706055,33.66999816894531,33.9900016784668,34.25,12260600.0,33.76013946533203
2020-02-11,35.2599983215332,34.06999969482422,34.34000015258789,35.0099983215332,12718600.0,34.50926971435547
2020-02-12,35.790000915527344,35.130001068115234,35.33000183105469,35.4900016784668,12076300.0,34.98240661621094
2020-02-13,35.529998779296875,35.15999984741211,35.209999084472656,35.290000915527344,7578400.0,34.7852668762207
2020-02-14,35.38999938964844,34.41999816894531,35.29999923706055,34.7599983215332,8946000.0,34.262847900390625
2020-02-18,34.7400016784668,33.959999084472656,34.25,34.40999984741211,10531000.0,33.917850494384766
2020-02-19,35.099998474121094,34.52000045776367,34.529998779296875,34.91999816894531,9079500.0,34.420555114746094
2020-02-20,35.400001525878906,34.59000015258789,34.65999984741211,35.290000915527344,7817900.0,34.7852668762207
2020-02-21,35.08000183105469,34.40999984741211,34.9900016784668,34.650001525878906,8431500.0,34.1544189453125
2020-02-24,33.75,32.790000915527344,33.63999938964844,33.09000015258789,14743100.0,32.61673355102539
2020-02-25,33.279998779296875,31.399999618530273,33.25,31.75,14621900.0,31.2958984375
2020-02-26,32.61000061035156,31.889999389648438,32.099998474121094,32.0,14421900.0,31.542322158813477
2020-02-27,31.920000076293945,30.549999237060547,31.299999237060547,30.709999084472656,14940400.0,30.270771026611328
2020-02-28,30.5,29.329999923706055,29.780000686645508,30.5,20827000.0,30.06377410888672
2020-03-02,31.450000762939453,29.739999771118164,30.520000457763672,31.420000076293945,14994600.0,30.970617294311523
2020-03-03,32.29999923706055,30.260000228881836,31.5,30.520000457763672,15816200.0,30.0834903717041
2020-03-04,31.56999969482422,30.360000610351562,31.0,31.530000686645508,16227800.0,31.079044342041016
2020-03-05,30.770000457763672,30.010000228881836,30.540000915527344,30.100000381469727,17921300.0,30.031435012817383
2020-03-06,29.540000915527344,28.450000762939453,29.209999084472656,28.690000534057617,20009500.0,28.62464714050293
2020-03-09,26.1200008392334,24.149999618530273,26.0,24.690000534057617,28350600.0,24.633758544921875
2020-03-10,27.139999389648438,24.59000015258789,25.979999542236328,27.1200008392334,18287700.0,27.058223724365234
2020-03-11,26.6200008392334,25.760000228881836,26.0,26.0,21309700.0,25.94077491760254
2020-03-12,24.350000381469727,22.5,23.600000381469727,23.040000915527344,20344500.0,22.987518310546875
2020-03-13,25.329999923706055,22.899999618530273,24.600000381469727,24.709999084472656,17909800.0,24.653711318969727
2020-03-16,22.40999984741211,21.0,21.510000228881836,21.0,18056800.0,20.952163696289062
2020-03-17,21.579999923706055,19.5,21.309999465942383,20.31999969482422,23544400.0,20.273712158203125
2020-03-18,19.049999237060547,14.329999923706055,18.829999923706055,16.799999237060547,39591100.0,16.761730194091797
2020-03-19,18.989999771118164,15.0,16.34000015258789,17.709999084472656,34361800.0,17.66965675354004
2020-03-20,18.959999084472656,17.68000030517578,18.420000076293945,18.139999389648438,35702000.0,18.098678588867188
2020-03-23,18.559999465942383,17.229999542236328,18.010000228881836,17.600000381469727,25419700.0,17.55990982055664
2020-03-24,21.670000076293945,18.600000381469727,19.31999969482422,21.110000610351562,24082900.0,21.061914443969727
2020-03-25,23.149999618530273,21.0,23.0,21.489999771118164,27617200.0,21.44104766845703
2020-03-26,22.969999313354492,21.059999465942383,21.639999389648438,22.559999465942383,16959000.0,22.508609771728516
2020-03-27,21.959999084472656,20.739999771118164,21.3700008392334,21.3799991607666,18349700.0,21.331296920776367
2020-03-30,22.479999542236328,20.6299991607666,22.309999465942383,21.31999969482422,18477800.0,21.271434783935547
2020-03-31,22.209999084472656,20.549999237060547,20.969999313354492,20.780000686645508,20303000.0,20.732666015625
2020-04-01,20.170000076293945,18.989999771118164,19.5,19.260000228881836,17467100.0,19.216127395629883
2020-04-02,19.690000534057617,17.790000915527344,19.100000381469727,18.190000534057617,17920600.0,18.1485652923584
2020-04-03,18.780000686645508,17.850000381469727,18.399999618530273,18.040000915527344,13835500.0,17.9989070892334
2020-04-06,19.760000228881836,18.549999237060547,19.100000381469727,19.549999237060547,22442100.0,19.50546646118164
2020-04-07,22.209999084472656,20.709999084472656,21.270000457763672,21.299999237060547,30405600.0,21.251480102539062
2020-04-08,23.600000381469727,21.469999313354492,21.739999771118164,23.1299991607666,23774400.0,23.07731056213379
2020-04-09,24.989999771118164,23.579999923706055,24.15999984741211,24.059999465942383,22490500.0,24.00519371032715
2020-04-13,24.100000381469727,22.719999313354492,24.040000915527344,23.010000228881836,14802600.0,22.95758628845215
2020-04-14,23.770000457763672,22.670000076293945,23.600000381469727,22.979999542236328,12654700.0,22.92765235900879
2020-04-15,22.270000457763672,21.469999313354492,21.920000076293945,21.65999984741211,12760900.0,21.610660552978516
2020-04-16,21.649999618530273,20.559999465942383,21.639999389648438,20.8700008392334,11501700.0,20.822460174560547
2020-04-17,22.540000915527344,21.829999923706055,21.920000076293945,22.479999542236328,17166300.0,22.42879295349121
2020-04-20,22.639999389648438,21.440000534057617,21.719999313354492,22.3799991607666,15912400.0,22.32901954650879
2020-04-21,21.889999389648438,20.979999542236328,21.270000457763672,21.239999771118164,13507300.0,21.19161605834961
2020-04-22,21.780000686645508,21.06999969482422,21.649999618530273,21.299999237060547,9547300.0,21.251480102539062
2020-04-23,22.059999465942383,21.450000762939453,21.549999237060547,21.520000457763672,10673000.0,21.470979690551758
2020-04-24,22.239999771118164,21.540000915527344,21.709999084472656,21.950000762939453,11990500.0,21.900001525878906
2020-04-27,22.56999969482422,21.139999389648438,21.520000457763672,22.450000762939453,20240600.0,22.398860931396484
2020-04-28,23.399999618530273,22.100000381469727,23.18000030517578,22.18000030517578,22085500.0,22.12947654724121
2020-04-29,24.56999969482422,22.68000030517578,22.75,23.780000686645508,23541000.0,23.725831985473633
2020-04-30,23.440000534057617,22.25,23.440000534057617,22.290000915527344,15272400.0,22.239225387573242
2020-05-01,21.760000228881836,20.799999237060547,21.649999618530273,20.899999618530273,17874500.0,20.852392196655273
2020-05-04,20.8799991607666,20.1200008392334,20.450000762939453,20.75,16188800.0,20.702733993530273
2020-05-05,21.969999313354492,21.1200008392334,21.25,21.260000228881836,17802300.0,21.211572647094727
2020-05-06,23.649999618530273,21.829999923706055,23.049999237060547,21.889999389648438,34430500.0,21.84013557434082
2020-05-07,22.979999542236328,22.030000686645508,22.18000030517578,22.440000534057617,16977100.0,22.388883590698242
2020-05-08,24.0,23.049999237060547,23.06999969482422,23.93000030517578,16554500.0,23.875490188598633
2020-05-11,23.389999389648438,22.59000015258789,23.25,22.799999237060547,16754000.0,22.748062133789062
2020-05-12,23.270000457763672,22.549999237060547,22.989999771118164,22.559999465942383,12182900.0,22.508609771728516
2020-05-13,22.450000762939453,21.1299991607666,22.440000534057617,21.459999084472656,16832600.0,21.411115646362305
2020-05-14,22.34000015258789,20.489999771118164,20.65999984741211,22.309999465942383,15629100.0,22.259180068969727
2020-05-15,22.68000030517578,21.829999923706055,21.969999313354492,22.6299991607666,14221300.0,22.578449249267578
2020-05-18,25.209999084472656,24.0,24.0,24.809999465942383,23277000.0,24.75348472595215
2020-05-19,25.700000762939453,24.290000915527344,24.75,24.690000534057617,18484600.0,24.633758544921875
2020-05-20,25.889999389648438,25.219999313354492,25.309999465942383,25.479999542236328,14056800.0,25.421958923339844
2020-05-21,26.020000457763672,25.209999084472656,25.290000915527344,25.799999237060547,14320700.0,25.741230010986328
2020-05-22,26.229999542236328,25.219999313354492,25.989999771118164,25.979999542236328,14317400.0,25.920820236206055
2020-05-26,27.889999389648438,27.25,27.81999969482422,27.399999618530273,18870500.0,27.33758544921875
2020-05-27,28.829999923706055,26.90999984741211,28.530000686645508,27.790000915527344,15030700.0,27.72669792175293
2020-05-28,27.940000534057617,26.600000381469727,27.860000610351562,26.68000030517578,11641000.0,26.619226455688477
2020-05-29,26.56999969482422,25.690000534057617,26.350000381469727,25.8799991607666,22203900.0,25.821046829223633
2020-06-01,27.219999313354492,25.90999984741211,25.989999771118164,26.940000534057617,10452800.0,26.878633499145508
2020-06-02,27.6200008392334,26.950000762939453,27.31999969482422,27.40999984741211,10953800.0,27.347562789916992
2020-06-03,29.1299991607666,28.25,28.420000076293945,29.06999969482422,16860900.0,29.003780364990234
2020-06-04,29.440000534057617,28.520000457763672,28.860000610351562,29.15999984741211,16328800.0,29.093576431274414
2020-06-05,31.149999618530273,29.809999465942383,31.0,30.610000610351562,29418600.0,30.540273666381836
2020-06-08,31.65999984741211,30.600000381469727,31.219999313354492,30.68000030517578,15234200.0,30.6101131439209
2020-06-09,30.219999313354492,28.709999084472656,29.399999618530273,29.860000610351562,16945500.0,29.791982650756836
2020-06-10,29.84000015258789,28.420000076293945,29.799999237060547,28.75,15648000.0,28.68450927734375
2020-06-11,27.799999237060547,26.290000915527344,26.6200008392334,26.5,19121900.0,26.43963623046875
2020-06-12,28.959999084472656,27.06999969482422,28.719999313354492,27.959999084472656,21587200.0,27.89630889892578
2020-06-15,28.100000381469727,26.56999969482422,26.610000610351562,27.770000457763672,15321200.0,27.706743240356445
2020-06-16,29.18000030517578,27.479999542236328,29.110000610351562,27.780000686645508,17466100.0,27.716720581054688
2020-06-17,28.049999237060547,27.1299991607666,27.780000686645508,27.15999984741211,11123800.0,27.09813117980957
2020-06-18,27.549999237060547,26.709999084472656,26.899999618530273,27.09000015258789,11086400.0,27.028291702270508
2020-06-19,27.829999923706055,26.329999923706055,27.739999771118164,26.59000015258789,27880400.0,26.529430389404297
2020-06-22,26.639999389648438,25.850000381469727,26.600000381469727,26.3700008392334,13079500.0,26.309932708740234
2020-06-23,26.850000381469727,26.229999542236328,26.75,26.25,12455400.0,26.190204620361328
2020-06-24,25.979999542236328,25.010000228881836,25.850000381469727,25.280000686645508,14887800.0,25.222415924072266
2020-06-25,25.290000915527344,24.540000915527344,25.0,25.229999542236328,14328300.0,25.172527313232422
2020-06-26,25.110000610351562,24.25,25.0,24.459999084472656,16476800.0,24.404281616210938
2020-06-29,25.350000381469727,24.479999542236328,24.709999084472656,25.299999237060547,10011700.0,25.242368698120117
2020-06-30,25.600000381469727,24.739999771118164,25.09000015258789,25.299999237060547,14322000.0,25.242368698120117
2020-07-01,25.940000534057617,24.93000030517578,25.299999237060547,24.959999084472656,11963000.0,24.90314292907715
2020-07-02,25.850000381469727,25.079999923706055,25.6200008392334,25.239999771118164,22202300.0,25.182504653930664
2020-07-06,26.040000915527344,25.43000030517578,25.959999084472656,25.729999542236328,9172100.0,25.671388626098633
2020-07-07,25.6299991607666,25.059999465942383,25.59000015258789,25.1299991607666,11950500.0,25.072755813598633
2020-07-08,25.260000228881836,24.670000076293945,25.190000534057617,24.940000534057617,11111600.0,24.883190155029297
2020-07-09,24.829999923706055,23.329999923706055,24.760000228881836,23.420000076293945,17778200.0,23.36665153503418
2020-07-10,24.399999618530273,23.329999923706055,23.549999237060547,24.389999389648438,15660000.0,24.334440231323242
2020-07-13,25.190000534057617,24.3700008392334,24.649999618530273,24.860000610351562,14766800.0,24.80337142944336
2020-07-14,25.850000381469727,24.670000076293945,24.799999237060547,25.639999389648438,16477100.0,25.581594467163086
2020-07-15,27.030000686645508,26.1299991607666,26.31999969482422,26.8799991607666,14893700.0,26.818769454956055
2020-07-16,27.190000534057617,26.260000228881836,26.350000381469727,26.850000381469727,9736400.0,26.78883934020996
2020-07-17,27.0,26.25,26.989999771118164,26.450000762939453,8116100.0,26.38974952697754
2020-07-20,26.540000915527344,25.770000457763672,26.209999084472656,26.010000228881836,8663500.0,25.95075225830078
2020-07-21,26.479999542236328,25.969999313354492,26.170000076293945,26.149999618530273,9738200.0,26.09043312072754
2020-07-22,26.5,25.799999237060547,25.8700008392334,26.299999237060547,10702600.0,26.240089416503906
2020-07-23,27.329999923706055,26.329999923706055,26.440000534057617,26.760000228881836,13653500.0,26.69904327392578
2020-07-24,26.8799991607666,26.110000610351562,26.600000381469727,26.25,8584800.0,26.190204620361328
2020-07-27,25.920000076293945,25.309999465942383,25.8799991607666,25.700000762939453,16598100.0,25.64145851135254
2020-07-28,26.75,25.690000534057617,25.780000686645508,26.329999923706055,12854300.0,26.270023345947266
2020-07-29,27.049999237060547,24.93000030517578,27.040000915527344,25.889999389648438,28792100.0,25.831024169921875
2020-07-30,25.459999084472656,25.020000457763672,25.1299991607666,25.200000762939453,16012000.0,25.142597198486328
2020-07-31,25.149999618530273,24.440000534057617,25.1200008392334,24.889999389648438,17789000.0,24.833301544189453
2020-08-03,25.770000457763672,24.81999969482422,25.059999465942383,25.639999389648438,10441200.0,25.581594467163086
2020-08-04,26.030000686645508,25.510000228881836,25.8700008392334,25.799999237060547,15728800.0,25.741230010986328
2020-08-05,26.350000381469727,25.8799991607666,26.200000762939453,26.329999923706055,9075100.0,26.270023345947266
2020-08-06,27.190000534057617,26.149999618530273,26.170000076293945,26.6200008392334,14171800.0,26.559362411499023
2020-08-07,26.809999465942383,26.170000076293945,26.479999542236328,26.719999313354492,8038600.0,26.659133911132812
2020-08-10,28.059999465942383,26.860000610351562,26.90999984741211,27.979999542236328,10853600.0,27.916263580322266
2020-08-11,29.350000381469727,28.440000534057617,28.469999313354492,28.520000457763672,17260200.0,28.455034255981445
2020-08-12,29.75,27.780000686645508,28.989999771118164,28.030000686645508,10060800.0,27.966150283813477
2020-08-13,28.219999313354492,27.5,27.729999542236328,27.549999237060547,7586100.0,27.48724365234375
2020-08-14,28.1299991607666,27.149999618530273,27.290000915527344,27.860000610351562,8587700.0,27.796537399291992
2020-08-17,30.780000686645508,28.43000030517578,28.600000381469727,30.010000228881836,33827800.0,29.941640853881836
2020-08-18,31.1200008392334,29.790000915527344,30.549999237060547,29.84000015258789,23102800.0,29.77202796936035
2020-08-19,30.030000686645508,29.079999923706055,29.649999618530273,29.219999313354492,14504200.0,29.153438568115234
2020-08-20,29.170000076293945,28.639999389648438,28.700000762939453,28.829999923706055,9680200.0,28.764328002929688
2020-08-21,28.950000762939453,28.43000030517578,28.739999771118164,28.559999465942383,9841200.0,28.49494171142578
2020-08-24,30.760000228881836,28.989999771118164,29.280000686645508,30.309999465942383,20137900.0,30.240955352783203
2020-08-25,30.729999542236328,29.479999542236328,30.399999618530273,29.690000534057617,13006700.0,29.62236976623535
2020-08-26,29.829999923706055,29.1200008392334,29.780000686645508,29.479999542236328,9740000.0,29.4128475189209
2020-08-27,30.239999771118164,29.520000457763672,29.600000381469727,29.690000534057617,8745400.0,29.62236976623535
2020-08-28,30.229999542236328,29.639999389648438,29.860000610351562,30.020000457763672,9180200.0,29.951618194580078
2020-08-31,30.190000534057617,29.610000610351562,30.020000457763672,29.6299991607666,9585200.0,29.562503814697266
2020-09-01,29.850000381469727,29.34000015258789,29.530000686645508,29.790000915527344,9007100.0,29.72214126586914
2020-09-02,31.09000015258789,29.799999237060547,29.850000381469727,30.959999084472656,16246200.0,30.889474868774414
2020-09-03,31.520000457763672,29.1299991607666,30.93000030517578,29.479999542236328,22358100.0,29.4128475189209
2020-09-04,30.3700008392334,29.360000610351562,29.93000030517578,30.0,13822000.0,29.931663513183594
2020-09-08,33.33000183105469,31.049999237060547,31.719999313354492,32.380001068115234,52000000.0,32.306243896484375
2020-09-09,32.75,31.729999542236328,32.11000061035156,31.950000762939453,22375200.0,31.877222061157227
2020-09-10,31.8799991607666,30.139999389648438,31.81999969482422,30.170000076293945,24845100.0,30.101276397705078
2020-09-11,30.56999969482422,29.8700008392334,30.299999237060547,30.459999084472656,13638700.0,30.390613555908203
2020-09-14,31.559999465942383,30.540000915527344,30.719999313354492,31.18000030517578,11972100.0,31.10897445678711
2020-09-15,33.13999938964844,30.829999923706055,31.360000610351562,31.579999923706055,21096300.0,31.50806427001953
2020-09-16,32.790000915527344,31.739999771118164,32.68000030517578,31.790000915527344,16397800.0,31.717586517333984
2020-09-17,31.950000762939453,30.950000762939453,31.309999465942383,31.920000076293945,11459900.0,31.8472900390625
2020-09-18,32.04999923706055,31.360000610351562,31.850000381469727,31.5,15039900.0,31.428245544433594
2020-09-21,30.420000076293945,29.15999984741211,30.299999237060547,30.0,20577900.0,29.931663513183594
2020-09-22,30.360000610351562,29.329999923706055,29.850000381469727,29.440000534057617,11106800.0,29.37293815612793
2020-09-23,29.989999771118164,29.200000762939453,29.489999771118164,29.34000015258789,10899600.0,29.27316665649414
2020-09-24,29.59000015258789,28.239999771118164,29.049999237060547,29.110000610351562,12393700.0,29.043689727783203
2020-09-25,29.219999313354492,28.559999465942383,28.860000610351562,29.0,9350400.0,28.933940887451172
2020-09-28,30.040000915527344,29.3799991607666,29.81999969482422,29.440000534057617,8395700.0,29.37293815612793
2020-09-29,29.399999618530273,28.5,29.270000457763672,28.739999771118164,7419900.0,28.674531936645508
2020-09-30,29.81999969482422,28.889999389648438,28.889999389648438,29.59000015258789,11522000.0,29.52259635925293
2020-10-01,30.510000228881836,29.149999618530273,29.520000457763672,30.3799991607666,15052900.0,30.3107967376709
2020-10-02,30.899999618530273,29.59000015258789,29.649999618530273,30.459999084472656,9474000.0,30.390613555908203
2020-10-05,31.290000915527344,30.799999237060547,30.850000381469727,30.959999084472656,8314100.0,30.889474868774414
2020-10-06,31.450000762939453,30.299999237060547,31.270000457763672,30.399999618530273,10293700.0,30.330751419067383
2020-10-07,31.760000228881836,30.809999465942383,30.850000381469727,31.6200008392334,11794500.0,31.5479736328125
2020-10-08,32.63999938964844,31.799999237060547,31.899999618530273,32.209999084472656,17323300.0,32.136627197265625
2020-10-09,32.68000030517578,32.02000045776367,32.29999923706055,32.15999984741211,9411700.0,32.08674240112305
2020-10-12,32.66999816894531,32.119998931884766,32.36000061035156,32.209999084472656,6932600.0,32.136627197265625
2020-10-13,32.279998779296875,31.469999313354492,32.130001068115234,31.8700008392334,7842100.0,31.79740333557129
2020-10-14,32.2400016784668,31.530000686645508,32.08000183105469,31.670000076293945,8006200.0,31.597858428955078
2020-10-15,32.689998626708984,30.950000762939453,30.989999771118164,32.59000015258789,11829800.0,32.51576232910156
2020-10-16,33.470001220703125,32.68000030517578,32.880001068115234,33.45000076293945,11947300.0,33.37380599975586
2020-10-19,33.869998931884766,33.04999923706055,33.5,33.349998474121094,10527300.0,33.27402877807617
2020-10-20,36.369998931884766,33.77000045776367,33.959999084472656,35.599998474121094,38660900.0,35.51890563964844
2020-10-21,36.279998779296875,35.130001068115234,36.099998474121094,35.77000045776367,23277900.0,35.68851852416992
2020-10-22,37.43000030517578,35.880001068115234,35.900001525878906,37.40999984741211,23288900.0,37.32478332519531
2020-10-23,38.029998779296875,36.779998779296875,37.4900016784668,36.83000183105469,16296300.0,36.7461051940918
2020-10-26,36.43000030517578,35.20000076293945,36.27000045776367,35.81999969482422,15448100.0,35.7384033203125
2020-10-27,35.849998474121094,34.75,35.54999923706055,34.88999938964844,11168600.0,34.810523986816406
2020-10-28,34.630001068115234,33.54999923706055,33.72999954223633,34.09000015258789,15010800.0,34.01234436035156
2020-10-29,35.65999984741211,34.36000061035156,34.5099983215332,34.88999938964844,14230400.0,34.810523986816406
2020-10-30,35.029998779296875,33.959999084472656,34.459999084472656,34.529998779296875,13074000.0,34.45134353637695
2020-11-02,35.380001068115234,34.380001068115234,35.119998931884766,34.54999923706055,14648400.0,34.47129821777344
2020-11-03,35.9900016784668,34.88999938964844,35.099998474121094,35.349998474121094,11439100.0,35.269474029541016
2020-11-04,35.77000045776367,34.22999954223633,35.310001373291016,35.2400016784668,14740600.0,35.15972900390625
2020-11-05,37.25,35.34000015258789,36.900001525878906,37.13999938964844,35075000.0,37.055397033691406
2020-11-06,38.13999938964844,37.0099983215332,37.5,37.470001220703125,18089200.0,37.384647369384766
2020-11-09,39.720001220703125,38.630001068115234,38.720001220703125,38.959999084472656,22100800.0,38.87125015258789
2020-11-10,41.59000015258789,39.560001373291016,39.75,41.08000183105469,26746900.0,40.98642349243164
2020-11-11,41.77000045776367,40.11000061035156,41.290000915527344,40.560001373291016,19841100.0,40.46760940551758
2020-11-12,40.2400016784668,38.810001373291016,40.11000061035156,39.31999969482422,20239900.0,39.230430603027344
2020-11-13,41.31999969482422,39.599998474121094,39.689998626708984,41.189998626708984,15004300.0,41.09617233276367
2020-11-16,42.150001525878906,40.91999816894531,41.77000045776367,42.130001068115234,16692100.0,42.03403091430664
2020-11-17,42.540000915527344,41.13999938964844,41.849998474121094,41.97999954223633,16088200.0,41.88437271118164
2020-11-18,44.130001068115234,42.060001373291016,42.189998626708984,42.720001220703125,27632500.0,42.62268829345703
2020-11-19,43.189998626708984,42.18000030517578,42.61000061035156,42.81999969482422,17214500.0,42.72245788574219
2020-11-20,43.31999969482422,42.369998931884766,42.810001373291016,43.040000915527344,16881200.0,42.941959381103516
2020-11-23,45.15999984741211,43.560001373291016,43.959999084472656,44.77000045776367,22569600.0,44.66801834106445
2020-11-24,46.709999084472656,45.06999969482422,45.90999984741211,46.459999084472656,20048700.0,46.35416793823242
2020-11-25,46.060001373291016,44.63999938964844,45.61000061035156,45.459999084472656,16122300.0,45.3564453125
2020-11-27,45.59000015258789,44.75,45.349998474121094,45.060001373291016,7528800.0,44.957359313964844
2020-11-30,45.31999969482422,43.619998931884766,44.959999084472656,43.84000015258789,21600500.0,43.740135192871094
2020-12-01,45.45000076293945,44.0,44.779998779296875,44.68000030517578,12984400.0,44.578224182128906
2020-12-02,44.599998474121094,43.66999816894531,44.0,44.58000183105469,11280700.0,44.478450775146484
2020-12-03,44.869998931884766,43.959999084472656,44.790000915527344,44.09000015258789,13437800.0,43.989566802978516
2020-12-04,44.7400016784668,44.130001068115234,44.400001525878906,44.400001525878906,11895200.0,44.29886245727539
2020-12-07,44.400001525878906,43.58000183105469,44.400001525878906,44.310001373291016,9207500.0,44.209068298339844
2020-12-08,44.18000030517578,43.41999816894531,43.720001220703125,43.79999923706055,10160400.0,43.700225830078125
2020-12-09,44.54999923706055,43.90999984741211,44.130001068115234,44.43000030517578,12470500.0,44.328792572021484
2020-12-10,43.880001068115234,42.459999084472656,43.83000183105469,42.869998931884766,18235600.0,42.77234649658203
2020-12-11,42.68000030517578,41.619998931884766,42.47999954223633,41.91999816894531,15555600.0,41.82450866699219
2020-12-14,42.540000915527344,41.41999816894531,42.4900016784668,41.619998931884766,9995700.0,41.52519226074219
2020-12-15,42.15999984741211,41.310001373291016,41.9900016784668,41.65999984741211,12510300.0,41.565101623535156
2020-12-16,41.869998931884766,40.810001373291016,41.790000915527344,41.41999816894531,15134100.0,41.325645446777344
2020-12-17,42.029998779296875,41.43000030517578,41.709999084472656,42.029998779296875,12081600.0,41.93425750732422
2020-12-18,42.04999923706055,40.59000015258789,42.02000045776367,41.0099983215332,21808300.0,40.91658020019531
2020-12-21,41.5,40.060001373291016,40.2599983215332,41.209999084472656,15533900.0,41.116127014160156
2020-12-22,41.400001525878906,40.54999923706055,41.349998474121094,40.900001525878906,10559000.0,40.80683517456055
2020-12-23,42.88999938964844,41.099998474121094,41.18000030517578,42.45000076293945,17573100.0,42.353302001953125
2020-12-24,42.20000076293945,41.209999084472656,42.060001373291016,41.58000183105469,7825400.0,41.485286712646484
2020-12-28,42.189998626708984,41.630001068115234,42.0,41.65999984741211,10471400.0,41.565101623535156
2020-12-29,42.130001068115234,41.369998931884766,41.88999938964844,41.56999969482422,7987700.0,41.47530746459961
2020-12-30,42.20000076293945,41.56999969482422,41.650001525878906,41.84000015258789,6491900.0,41.744693756103516
2020-12-31,41.79999923706055,41.20000076293945,41.7599983215332,41.63999938964844,11101300.0,41.54514694213867
2021-01-04,42.119998931884766,40.13999938964844,41.95000076293945,40.5099983215332,15768100.0,40.417720794677734
2021-01-05,41.84000015258789,40.040000915527344,40.060001373291016,41.65999984741211,18045800.0,41.565101623535156
2021-01-06,43.849998474121094,41.86000061035156,41.91999816894531,42.97999954223633,22694900.0,42.88209533691406
2021-01-07,43.97999954223633,42.959999084472656,43.97999954223633,43.31999969482422,13625700.0,43.22132110595703
2021-01-08,43.4900016784668,42.31999969482422,43.310001373291016,43.060001373291016,18426200.0,42.9619140625
2021-01-11,45.279998779296875,42.630001068115234,43.02000045776367,45.0099983215332,25864100.0,44.907470703125
2021-01-12,48.95000076293945,45.650001525878906,46.29999923706055,47.81999969482422,63889300.0,47.7110710144043
2021-01-13,50.970001220703125,48.060001373291016,50.779998779296875,48.72999954223633,49229700.0,48.618995666503906
2021-01-14,51.869998931884766,49.33000183105469,49.5,51.529998779296875,36839800.0,51.41261672973633
2021-01-15,51.400001525878906,49.2599983215332,51.29999923706055,49.970001220703125,25293700.0,49.85617446899414
2021-01-19,55.13999938964844,52.2599983215332,53.689998626708984,54.84000015258789,64144000.0,54.71508026123047
2021-01-20,56.599998474121094,54.849998474121094,56.22999954223633,55.86000061035156,47428500.0,55.732757568359375
2021-01-21,56.970001220703125,54.7599983215332,56.33000183105469,55.08000183105469,39843100.0,54.954532623291016
2021-01-22,55.77000045776367,54.27000045776367,54.5,55.400001525878906,23895600.0,55.2738037109375
2021-01-25,55.15999984741211,51.02000045776367,54.95000076293945,53.38999938964844,39844200.0,53.26838302612305
2021-01-26,53.59000015258789,51.810001373291016,53.38999938964844,52.040000915527344,21648200.0,51.92145919799805
2021-01-27,50.86000061035156,48.709999084472656,50.79999923706055,49.34000015258789,38315200.0,49.22760772705078
2021-01-28,53.0,49.560001373291016,49.880001068115234,51.040000915527344,37573400.0,50.923736572265625
2021-01-29,51.779998779296875,49.959999084472656,50.70000076293945,50.68000030517578,26466800.0,50.56455612182617
2021-02-01,51.95000076293945,50.439998626708984,51.459999084472656,51.5099983215332,21451300.0,51.392662048339844
2021-02-02,52.97999954223633,51.959999084472656,52.29999923706055,52.720001220703125,20457400.0,52.599910736083984
2021-02-03,55.04999923706055,53.189998626708984,53.29999923706055,54.25,30706500.0,54.12642288208008
2021-02-04,54.560001373291016,52.970001220703125,53.34000015258789,54.130001068115234,19243300.0,54.00669860839844
2021-02-05,55.04999923706055,54.150001525878906,54.81999969482422,54.40999984741211,17250200.0,54.28606033325195
2021-02-08,57.04999923706055,55.66999816894531,56.0,56.880001068115234,26990000.0,56.75043487548828
2021-02-09,56.939998626708984,55.7400016784668,56.540000915527344,56.060001373291016,25168800.0,55.93230056762695
2021-02-10,55.689998626708984,52.5099983215332,55.61000061035156,54.880001068115234,55329800.0,54.75498962402344
2021-02-11,53.79999923706055,52.349998474121094,53.61000061035156,53.5,29871400.0,53.37813186645508
2021-02-12,54.189998626708984,52.959999084472656,53.0,53.599998474121094,15317400.0,53.477901458740234
2021-02-16,53.9900016784668,53.220001220703125,53.709999084472656,53.459999084472656,18541600.0,53.33822250366211
2021-02-17,53.33000183105469,52.08000183105469,52.84000015258789,52.88999938964844,13989700.0,52.7695198059082
2021-02-18,52.619998931884766,51.599998474121094,52.560001373291016,52.15999984741211,17615900.0,52.04118347167969
2021-02-19,53.290000915527344,52.220001220703125,52.5,52.56999969482422,15354400.0,52.45024871826172
2021-02-22,52.93000030517578,51.880001068115234,52.0,51.97999954223633,14501300.0,51.861595153808594
2021-02-23,51.380001068115234,49.349998474121094,51.0,51.11000061035156,21202700.0,50.99357604980469
2021-02-24,53.209999084472656,51.290000915527344,51.95000076293945,52.900001525878906,18375000.0,52.77949905395508
2021-02-25,52.93000030517578,50.54999923706055,52.70000076293945,50.599998474121094,20628900.0,50.484737396240234
2021-02-26,51.72999954223633,49.91999816894531,50.869998931884766,51.33000183105469,17125100.0,51.213077545166016
2021-03-01,52.81999969482422,51.81999969482422,52.40999984741211,52.540000915527344,15385300.0,52.420318603515625
2021-03-02,55.290000915527344,52.189998626708984,52.599998474121094,54.11000061035156,36267200.0,53.98674392700195
2021-03-03,54.880001068115234,52.65999984741211,54.5,52.66999816894531,19667200.0,52.55002212524414
2021-03-04,54.18000030517578,50.25,52.9900016784668,51.83000183105469,26231900.0,51.711936950683594
2021-03-05,53.9900016784668,50.47999954223633,52.59000015258789,53.75,25190000.0,53.6275634765625
2021-03-08,56.20000076293945,53.7400016784668,54.290000915527344,54.97999954223633,24450500.0,54.854759216308594
2021-03-09,55.43000030517578,54.029998779296875,55.36000061035156,54.650001525878906,17902200.0,54.5255126953125
2021-03-10,56.95000076293945,54.880001068115234,55.0,56.83000183105469,22760600.0,56.70054626464844
2021-03-11,57.16999816894531,55.939998626708984,56.869998931884766,56.33000183105469,20244700.0,56.20168685913086
2021-03-12,59.619998931884766,55.70000076293945,56.0,59.2599983215332,29829600.0,59.12500762939453
2021-03-15,59.310001373291016,57.209999084472656,59.310001373291016,57.939998626708984,19660100.0,57.80801773071289
2021-03-16,58.56999969482422,56.79999923706055,58.36000061035156,57.119998931884766,16177000.0,56.98988342285156
2021-03-17,60.119998931884766,57.150001525878906,57.2400016784668,60.04999923706055,23746200.0,59.913211822509766
2021-03-18,62.2400016784668,58.880001068115234,60.060001373291016,59.27000045776367,34798000.0,59.134986877441406
2021-03-19,60.31999969482422,58.18000030517578,59.34000015258789,59.81999969482422,23346200.0,59.68373489379883
2021-03-22,58.93000030517578,56.5099983215332,58.75,58.099998474121094,30094900.0,57.9676513671875
2021-03-23,57.7599983215332,55.709999084472656,56.9900016784668,56.15999984741211,21280800.0,56.032073974609375
2021-03-24,57.47999954223633,55.709999084472656,56.68000030517578,55.810001373291016,20567200.0,55.6828727722168
2021-03-25,56.81999969482422,54.25,54.599998474121094,56.599998474121094,16178500.0,56.4710693359375
2021-03-26,57.34000015258789,55.349998474121094,57.0099983215332,56.52000045776367,16358900.0,56.39125442504883
2021-03-29,57.20000076293945,55.7400016784668,56.08000183105469,55.939998626708984,16058400.0,55.81257247924805
2021-03-30,58.630001068115234,56.400001525878906,56.599998474121094,58.5099983215332,19606800.0,58.37671661376953
2021-03-31,58.58000183105469,57.27000045776367,58.279998779296875,57.459999084472656,20761300.0,57.32910919189453
2021-04-01,58.220001220703125,57.040000915527344,57.91999816894531,57.79999923706055,17783600.0,57.6683349609375
2021-04-05,61.189998626708984,58.75,59.0,61.040000915527344,24633000.0,60.90095901489258
2021-04-06,63.439998626708984,60.439998626708984,60.5,61.939998626708984,39518700.0,61.79890441894531
2021-04-07,61.869998931884766,60.689998626708984,61.86000061035156,60.83000183105469,17167900.0,60.691436767578125
2021-04-08,60.75,58.810001373291016,60.36000061035156,60.09000015258789,19016300.0,59.953121185302734
2021-04-09,60.380001068115234,59.41999816894531,59.560001373291016,60.15999984741211,12182300.0,60.0229606628418
2021-04-12,60.290000915527344,59.290000915527344,60.20000076293945,59.65999984741211,10231000.0,59.52410125732422
2021-04-13,59.540000915527344,57.88999938964844,59.22999954223633,58.4900016784668,17416600.0,58.35676574707031
2021-04-14,59.650001525878906,58.25,58.59000015258789,58.47999954223633,14618100.0,58.34678649902344
2021-04-15,59.529998779296875,58.369998931884766,59.45000076293945,58.61000061035156,14395700.0,58.47649383544922
2021-04-16,59.310001373291016,58.279998779296875,59.0099983215332,58.709999084472656,11087300.0,58.576263427734375
2021-04-19,58.7400016784668,57.22999954223633,58.56999969482422,57.880001068115234,12262500.0,57.74815368652344
2021-04-20,57.279998779296875,54.91999816894531,57.119998931884766,55.77000045776367,23736100.0,55.64295959472656
2021-04-21,57.5,54.709999084472656,55.279998779296875,57.4900016784668,14648700.0,57.35904312133789
2021-04-22,57.79999923706055,56.130001068115234,57.540000915527344,56.65999984741211,15822200.0,56.53093338012695
2021-04-23,57.7400016784668,56.43000030517578,56.77000045776367,57.529998779296875,10803300.0,57.39895248413086
2021-04-26,58.58000183105469,57.65999984741211,57.86000061035156,58.209999084472656,11553900.0,58.07740020751953
2021-04-27,59.099998474121094,58.02000045776367,58.27000045776367,58.970001220703125,9293500.0,58.83567428588867
2021-04-28,59.0,58.27000045776367,59.0,58.54999923706055,10485200.0,58.4166259765625
2021-04-29,57.75,55.689998626708984,57.7400016784668,56.56999969482422,21315600.0,56.441139221191406
2021-04-30,57.34000015258789,56.09000015258789,56.18000030517578,57.220001220703125,15348300.0,57.08966064453125
2021-05-03,58.34000015258789,56.709999084472656,57.599998474121094,57.150001525878906,11585100.0,57.01981735229492
2021-05-04,56.59000015258789,54.81999969482422,56.54999923706055,55.34000015258789,22262300.0,55.21393966674805
2021-05-05,57.88999938964844,56.33000183105469,57.09000015258789,57.58000183105469,26805500.0,57.4488410949707
2021-05-06,58.77000045776367,57.43000030517578,57.43000030517578,58.720001220703125,20108100.0,58.58624267578125
2021-05-07,59.04999923706055,57.27000045776367,58.0,58.9900016784668,15480500.0,58.855628967285156
2021-05-10,59.58000183105469,57.36000061035156,59.0,57.40999984741211,14591600.0,57.27922439575195
2021-05-11,56.75,54.869998931884766,56.150001525878906,55.72999954223633,22773200.0,55.603050231933594
2021-05-12,55.709999084472656,53.52000045776367,55.540000915527344,53.7599983215332,19348700.0,53.63753890991211
2021-05-13,55.5099983215332,54.130001068115234,54.43000030517578,54.599998474121094,13308600.0,54.475624084472656
2021-05-14,56.040000915527344,55.0099983215332,55.119998931884766,56.0,11313000.0,55.8724365234375
2021-05-17,56.119998931884766,55.189998626708984,55.84000015258789,56.040000915527344,11041000.0,55.91234588623047
2021-05-18,56.810001373291016,55.849998474121094,56.22999954223633,55.88999938964844,11464400.0,55.76268768310547
2021-05-19,55.619998931884766,54.119998931884766,55.0,55.529998779296875,11693700.0,55.403507232666016
2021-05-20,56.040000915527344,55.189998626708984,55.91999816894531,55.5099983215332,11504000.0,55.38355255126953
2021-05-21,58.779998779296875,55.77000045776367,56.0099983215332,56.720001220703125,15150900.0,56.590797424316406
2021-05-24,57.20000076293945,56.31999969482422,57.04999923706055,56.599998474121094,8943000.0,56.4710693359375
2021-05-25,58.16999816894531,56.709999084472656,56.869998931884766,56.7599983215332,16362200.0,56.63070297241211
2021-05-26,58.16999816894531,56.77000045776367,56.970001220703125,58.08000183105469,14242700.0,57.94770050048828
2021-05-27,60.720001220703125,59.209999084472656,60.0,59.77000045776367,33843800.0,59.63385009765625
2021-05-28,59.9900016784668,58.59000015258789,59.880001068115234,59.310001373291016,12668100.0,59.17490005493164
2021-06-01,60.25,59.25,59.9900016784668,59.650001525878906,10429000.0,59.51412582397461
2021-06-02,60.2599983215332,59.130001068115234,60.2599983215332,59.650001525878906,11975400.0,59.51412582397461
2021-06-03,63.68000030517578,60.709999084472656,61.56999969482422,63.459999084472656,38547800.0,63.3154411315918
2021-06-04,63.880001068115234,62.38999938964844,63.56999969482422,63.369998931884766,21072300.0,63.22564697265625
2021-06-07,64.30000305175781,62.630001068115234,63.97999954223633,63.22999954223633,15549700.0,63.085968017578125
2021-06-08,63.970001220703125,62.43000030517578,63.02000045776367,63.91999816894531,13027200.0,63.77439498901367
2021-06-09,64.16000366210938,62.689998626708984,63.95000076293945,62.77000045776367,14371300.0,62.62701416015625
2021-06-10,63.04999923706055,61.16999816894531,62.83000183105469,61.34000015258789,16141900.0,61.20027160644531
2021-06-11,62.0099983215332,61.15999984741211,61.36000061035156,61.4900016784668,10205000.0,61.34993362426758
2021-06-14,61.63999938964844,60.310001373291016,61.470001220703125,60.790000915527344,15443300.0,60.651527404785156
2021-06-15,61.11000061035156,59.97999954223633,60.68000030517578,60.810001373291016,10737000.0,60.67148208618164
2021-06-16,63.09000015258789,61.20000076293945,62.459999084472656,61.7599983215332,31080000.0,61.61931610107422
2021-06-17,62.400001525878906,59.36000061035156,61.81999969482422,60.08000183105469,19712100.0,59.943145751953125
2021-06-18,59.59000015258789,58.40999984741211,59.279998779296875,58.7599983215332,25602800.0,58.62614822387695
2021-06-21,59.75,58.81999969482422,59.75,59.29999923706055,12276900.0,59.164920806884766
2021-06-22,59.599998474121094,59.02000045776367,59.540000915527344,59.2400016784668,8928500.0,59.10505676269531
2021-06-23,60.43000030517578,59.459999084472656,59.849998474121094,60.119998931884766,11527900.0,59.98305130004883
2021-06-24,60.5,59.7599983215332,60.38999938964844,60.040000915527344,14445300.0,59.903236389160156
2021-06-25,60.58000183105469,60.02000045776367,60.290000915527344,60.29999923706055,14255100.0,60.16263961791992
2021-06-28,60.380001068115234,58.43000030517578,60.310001373291016,58.63999938964844,17152700.0,58.50642395019531
2021-06-29,59.54999923706055,58.70000076293945,59.20000076293945,58.83000183105469,12171800.0,58.69599151611328
2021-06-30,59.470001220703125,58.61000061035156,58.7400016784668,59.16999816894531,12330500.0,59.035213470458984
2021-07-01,59.72999954223633,58.779998779296875,59.439998626708984,59.11000061035156,11752100.0,58.9753532409668
2021-07-02,59.31999969482422,58.52000045776367,59.11000061035156,58.959999084472656,9689700.0,58.8256950378418
2021-07-06,58.93000030517578,57.0099983215332,58.91999816894531,57.459999084472656,16155600.0,57.32910919189453
2021-07-07,57.400001525878906,56.130001068115234,57.34000015258789,56.59000015258789,13077600.0,56.46109390258789
2021-07-08,56.59000015258789,54.86000061035156,55.29999923706055,56.060001373291016,14087400.0,55.93230056762695
2021-07-09,58.91999816894531,57.88999938964844,58.79999923706055,58.7599983215332,24361300.0,58.62614822387695
2021-07-12,59.16999816894531,57.81999969482422,58.560001373291016,58.970001220703125,14513200.0,58.83567428588867
2021-07-13,59.2599983215332,58.2599983215332,59.040000915527344,58.72999954223633,14604200.0,58.59621810913086
2021-07-14,59.36000061035156,57.709999084472656,58.88999938964844,58.0,12520500.0,57.867881774902344
2021-07-15,57.689998626708984,56.59000015258789,57.119998931884766,56.95000076293945,12103400.0,56.820274353027344
2021-07-16,57.47999954223633,55.369998931884766,57.47999954223633,55.459999084472656,13611400.0,55.33366775512695
2021-07-19,54.43000030517578,52.630001068115234,53.900001525878906,54.18000030517578,20942100.0,54.056583404541016
2021-07-20,56.380001068115234,54.119998931884766,54.2599983215332,56.150001525878906,13292000.0,56.022098541259766
2021-07-21,57.470001220703125,56.560001373291016,56.79999923706055,57.04999923706055,11035200.0,56.9200439453125
2021-07-22,56.7599983215332,55.4900016784668,56.75,55.63999938964844,12019900.0,55.51325607299805
2021-07-23,55.790000915527344,54.810001373291016,55.310001373291016,54.939998626708984,14536000.0,54.814849853515625
2021-07-26,55.90999984741211,55.099998474121094,55.2400016784668,55.77000045776367,9589000.0,55.64295959472656
2021-07-27,55.36000061035156,54.220001220703125,55.209999084472656,55.0,13374900.0,54.87471389770508
2021-07-28,55.86000061035156,54.689998626708984,55.41999816894531,55.4900016784668,10549200.0,55.36360168457031
2021-07-29,57.7400016784668,56.81999969482422,57.0,57.279998779296875,15439000.0,57.14952087402344
2021-07-30,57.810001373291016,56.619998931884766,56.720001220703125,56.84000015258789,13185500.0,56.71052551269531
2021-08-02,58.599998474121094,56.880001068115234,57.369998931884766,57.029998779296875,12397500.0,56.900089263916016
2021-08-03,57.959999084472656,56.61000061035156,57.470001220703125,57.880001068115234,12273500.0,57.74815368652344
2021-08-04,55.45000076293945,52.209999084472656,55.22999954223633,52.720001220703125,67667200.0,52.599910736083984
2021-08-05,54.880001068115234,53.54999923706055,53.86000061035156,54.439998626708984,28571400.0,54.31599044799805
2021-08-06,55.349998474121094,54.2599983215332,54.810001373291016,55.04999923706055,14970100.0,54.924598693847656
2021-08-09,54.369998931884766,53.400001525878906,54.27000045776367,53.95000076293945,16080000.0,53.82710647583008
2021-08-10,54.380001068115234,53.65999984741211,54.0,54.2599983215332,14479100.0,54.13639831542969
2021-08-11,54.5,53.45000076293945,54.41999816894531,54.27000045776367,15814600.0,54.14637756347656
2021-08-12,55.040000915527344,54.189998626708984,54.439998626708984,54.619998931884766,10760900.0,54.49557876586914
2021-08-13,54.709999084472656,53.59000015258789,54.560001373291016,53.650001525878906,11849200.0,53.52779006958008
2021-08-16,53.2599983215332,52.4900016784668,53.0099983215332,52.95000076293945,17019000.0,52.829383850097656
2021-08-17,52.08000183105469,50.20000076293945,51.97999954223633,50.470001220703125,28477800.0,50.35503387451172
2021-08-18,51.4900016784668,50.400001525878906,50.529998779296875,50.84000015258789,15271400.0,50.72418975830078
2021-08-19,50.220001220703125,48.66999816894531,50.0,49.08000183105469,23387300.0,48.96820068359375
2021-08-20,49.13999938964844,48.349998474121094,48.959999084472656,48.79999923706055,16898400.0,48.688838958740234
2021-08-23,48.349998474121094,47.06999969482422,48.15999984741211,48.18000030517578,30149200.0,48.07025146484375
2021-08-24,49.869998931884766,48.22999954223633,48.5,49.56999969482422,21394700.0,49.45708465576172
2021-08-25,49.93000030517578,49.15999984741211,49.4900016784668,49.70000076293945,14406600.0,49.586788177490234
2021-08-26,49.470001220703125,48.52000045776367,49.470001220703125,48.619998931884766,16599200.0,48.509246826171875
2021-08-27,50.06999969482422,48.65999984741211,48.75,49.79999923706055,14874300.0,49.68655776977539
2021-08-30,49.95000076293945,48.95000076293945,49.95000076293945,49.16999816894531,13709000.0,49.0579948425293
2021-08-31,49.43000030517578,48.66999816894531,49.16999816894531,49.0099983215332,14293100.0,48.89835739135742
2021-09-01,49.63999938964844,48.68000030517578,49.099998474121094,49.11000061035156,10982100.0,48.998130798339844
2021-09-02,49.5,48.810001373291016,49.150001525878906,48.95000076293945,13349300.0,48.838497161865234
2021-09-03,49.0,48.41999816894531,48.79999923706055,48.81999969482422,9932500.0,48.70879364013672
2021-09-07,49.22999954223633,48.41999816894531,48.4900016784668,48.720001220703125,12309900.0,48.6090202331543
2021-09-08,49.52000045776367,48.41999816894531,48.63999938964844,48.970001220703125,11136300.0,48.85845184326172
2021-09-09,48.95000076293945,47.79999923706055,48.95000076293945,48.41999816894531,13739500.0,48.30970001220703
2021-09-10,50.41999816894531,48.689998626708984,48.689998626708984,49.4900016784668,22774700.0,49.37726974487305
2021-09-13,50.95000076293945,49.599998474121094,50.11000061035156,50.81999969482422,18506500.0,50.7042350769043
2021-09-14,51.41999816894531,50.5,51.220001220703125,50.7400016784668,12587300.0,50.624420166015625
2021-09-15,51.93000030517578,50.540000915527344,50.790000915527344,51.81999969482422,13658500.0,51.70195770263672
2021-09-16,51.900001525878906,50.90999984741211,51.59000015258789,51.52000045776367,12617300.0,51.40264129638672
2021-09-17,51.93000030517578,50.9900016784668,51.33000183105469,51.33000183105469,45115700.0,51.213077545166016
2021-09-20,49.540000915527344,48.369998931884766,49.45000076293945,49.369998931884766,24540600.0,49.257537841796875
2021-09-21,49.779998779296875,48.790000915527344,49.56999969482422,49.369998931884766,14172700.0,49.257537841796875
2021-09-22,51.220001220703125,50.029998779296875,50.029998779296875,50.779998779296875,14038300.0,50.66432571411133
2021-09-23,52.08000183105469,51.040000915527344,51.099998474121094,51.91999816894531,14043200.0,51.801727294921875
2021-09-24,52.630001068115234,51.720001220703125,51.880001068115234,52.22999954223633,11643500.0,52.11102294921875
2021-09-27,53.56999969482422,52.380001068115234,52.40999984741211,53.2400016784668,13861400.0,53.11872482299805
2021-09-28,54.209999084472656,52.70000076293945,53.77000045776367,52.849998474121094,16422900.0,52.729610443115234
2021-09-29,53.36000061035156,52.529998779296875,53.29999923706055,52.93000030517578,10881100.0,52.80942916870117
2021-09-30,53.20000076293945,52.18000030517578,52.93000030517578,52.709999084472656,16324300.0,52.58993148803711
2021-10-01,53.380001068115234,52.25,53.029998779296875,53.130001068115234,16660400.0,53.008975982666016
2021-10-04,55.63999938964844,53.68000030517578,54.900001525878906,53.97999954223633,29206700.0,53.85703659057617
2021-10-05,54.7400016784668,53.650001525878906,54.189998626708984,54.34000015258789,18201500.0,54.216217041015625
2021-10-06,55.5,53.150001525878906,54.4900016784668,53.93000030517578,29520800.0,53.807151794433594
2021-10-07,56.7400016784668,54.439998626708984,54.849998474121094,56.439998626708984,31006000.0,56.311431884765625
2021-10-08,59.209999084472656,56.380001068115234,56.540000915527344,58.56999969482422,33724900.0,58.436580657958984
2021-10-11,59.349998474121094,57.77000045776367,58.790000915527344,58.09000015258789,17665700.0,57.95767593383789
2021-10-12,59.33000183105469,57.86000061035156,58.52000045776367,58.959999084472656,17095000.0,58.8256950378418
2021-10-13,58.939998626708984,57.08000183105469,58.939998626708984,57.77000045776367,18813800.0,57.638404846191406
2021-10-14,58.290000915527344,57.45000076293945,58.099998474121094,57.689998626708984,11450100.0,57.55858612060547
2021-10-15,58.709999084472656,57.849998474121094,58.34000015258789,58.0,12914600.0,57.867881774902344
2021-10-18,57.58000183105469,56.849998474121094,57.40999984741211,56.88999938964844,12667900.0,56.76041030883789
2021-10-19,57.060001373291016,56.529998779296875,57.0,56.849998474121094,10589000.0,56.72050094604492
2021-10-20,58.2400016784668,56.220001220703125,56.36000061035156,57.66999816894531,13399900.0,57.538631439208984
2021-10-21,58.66999816894531,57.72999954223633,58.0,58.40999984741211,11585400.0,58.276947021484375
2021-10-22,58.70000076293945,57.63999938964844,58.369998931884766,57.77000045776367,11077600.0,57.638404846191406
2021-10-25,58.310001373291016,56.84000015258789,58.04999923706055,57.7599983215332,14151000.0,57.62842559814453
2021-10-26,58.29999923706055,56.959999084472656,58.02000045776367,57.369998931884766,16335800.0,57.239315032958984
2021-10-27,55.7599983215332,54.15999984741211,55.599998474121094,54.2599983215332,36397600.0,54.13639831542969
2021-10-28,55.58000183105469,54.060001373291016,54.599998474121094,54.2400016784668,23020300.0,54.11644744873047
2021-10-29,55.040000915527344,53.61000061035156,53.900001525878906,54.43000030517578,16680700.0,54.30601501464844
2021-11-01,55.7400016784668,54.41999816894531,54.849998474121094,55.4900016784668,15677600.0,55.36360168457031
2021-11-02,55.97999954223633,54.68000030517578,55.029998779296875,55.59000015258789,16377500.0,55.46337127685547
2021-11-03,56.16999816894531,55.09000015258789,55.2599983215332,56.0,14419400.0,55.8724365234375
2021-11-04,58.77000045776367,56.27000045776367,56.470001220703125,58.63999938964844,24026100.0,58.50642395019531
2021-11-05,59.349998474121094,58.04999923706055,59.150001525878906,58.52000045776367,16302200.0,58.386695861816406
2021-11-08,60.33000183105469,58.47999954223633,58.7599983215332,59.599998474121094,14385500.0,59.4642333984375
2021-11-09,59.93000030517578,57.810001373291016,59.810001373291016,58.619998931884766,13822900.0,58.48646926879883
2021-11-10,60.560001373291016,57.72999954223633,57.849998474121094,59.27000045776367,22778600.0,59.134986877441406
2021-11-11,62.150001525878906,59.310001373291016,59.81999969482422,61.81999969482422,29033900.0,61.67918014526367
2021-11-12,64.02999877929688,61.279998779296875,61.59000015258789,63.400001525878906,31152400.0,63.25558090209961
2021-11-15,63.72999954223633,62.630001068115234,63.65999984741211,62.970001220703125,14372100.0,62.826560974121094
2021-11-16,63.279998779296875,61.93000030517578,63.2400016784668,62.61000061035156,16115000.0,62.46738052368164
2021-11-17,65.06999969482422,62.380001068115234,63.33000183105469,64.61000061035156,29983400.0,64.46282196044922
2021-11-18,65.18000030517578,62.09000015258789,64.33000183105469,62.33000183105469,23308100.0,62.188018798828125
2021-11-19,62.970001220703125,61.560001373291016,62.47999954223633,61.79999923706055,19520600.0,61.65922546386719
2021-11-22,64.95999908447266,61.7599983215332,61.95000076293945,64.05999755859375,19836200.0,63.9140739440918
2021-11-23,64.04000091552734,62.2599983215332,63.72999954223633,63.04999923706055,16225100.0,62.906375885009766
2021-11-24,62.599998474121094,61.630001068115234,62.29999923706055,62.189998626708984,12685000.0,62.048336029052734
2021-11-26,60.56999969482422,59.459999084472656,59.79999923706055,60.16999816894531,13272600.0,60.032936096191406
2021-11-29,61.540000915527344,59.650001525878906,61.11000061035156,59.86000061035156,15033100.0,59.7236442565918
2021-11-30,59.84000015258789,57.439998626708984,59.20000076293945,57.869998931884766,21282200.0,57.73817443847656
2021-12-01,60.59000015258789,58.0099983215332,59.25,58.060001373291016,26353700.0,57.9277458190918
2021-12-02,61.29999923706055,58.70000076293945,58.75,61.02000045776367,25365100.0,60.88100051879883
2021-12-03,61.689998626708984,58.869998931884766,61.2400016784668,59.709999084472656,19596100.0,59.5739860534668
2021-12-06,60.72999954223633,58.70000076293945,60.470001220703125,59.84000015258789,16728200.0,59.70368957519531
2021-12-07,62.380001068115234,60.70000076293945,60.90999984741211,61.529998779296875,14135700.0,61.38983917236328
2021-12-08,61.810001373291016,60.41999816894531,61.650001525878906,60.779998779296875,10004100.0,60.64154815673828
2021-12-09,60.630001068115234,59.59000015258789,60.380001068115234,59.619998931884766,12964800.0,59.484188079833984
2021-12-10,63.290000915527344,60.099998474121094,60.099998474121094,63.209999084472656,22839800.0,63.06601333618164
2021-12-13,62.18000030517578,59.02000045776367,62.06999969482422,59.130001068115234,27327000.0,58.99530792236328
2021-12-14,59.20000076293945,57.70000076293945,57.970001220703125,58.400001525878906,17928700.0,58.266971588134766
2021-12-15,58.88999938964844,57.040000915527344,58.29999923706055,58.61000061035156,14471600.0,58.47649383544922
2021-12-16,60.619998931884766,58.029998779296875,59.400001525878906,58.38999938964844,17772200.0,58.25699234008789
2021-12-17,56.38999938964844,54.5099983215332,56.20000076293945,55.15999984741211,42175800.0,55.03435134887695
2021-12-20,54.540000915527344,53.13999938964844,54.02000045776367,54.040000915527344,19073900.0,53.91690444946289
2021-12-21,54.900001525878906,53.84000015258789,54.5,54.790000915527344,15571300.0,54.66519546508789
2021-12-22,56.349998474121094,54.75,54.790000915527344,56.08000183105469,16694000.0,55.95225524902344
2021-12-23,57.09000015258789,55.77000045776367,56.06999969482422,56.90999984741211,13722300.0,56.780364990234375
2021-12-27,57.75,56.529998779296875,56.88999938964844,57.43000030517578,9078900.0,57.29917907714844
2021-12-28,58.119998931884766,57.0099983215332,57.400001525878906,57.11000061035156,8577700.0,56.97990798950195
2021-12-29,57.70000076293945,56.7400016784668,57.11000061035156,57.22999954223633,7982300.0,57.09963607788086
2021-12-30,58.779998779296875,57.2599983215332,57.45000076293945,58.130001068115234,11965900.0,57.99758529663086
2021-12-31,59.04999923706055,57.91999816894531,58.0,58.630001068115234,9856300.0,58.4964485168457
2022-01-03,61.56999969482422,59.7400016784668,59.869998931884766,61.16999816894531,20980200.0,61.03065872192383
2022-01-04,65.9800033569336,61.959999084472656,61.959999084472656,65.73999786376953,44691300.0,65.59024810791016
2022-01-05,67.20999908447266,62.599998474121094,65.5199966430664,62.7400016784668,43578700.0,62.597084045410156
2022-01-06,63.5,61.66999816894531,63.16999816894531,62.869998931884766,20650900.0,62.72678756713867
2022-01-07,63.90999984741211,61.41999816894531,63.810001373291016,62.27000045776367,17136100.0,62.12815475463867
2022-01-10,62.0,60.040000915527344,61.52000045776367,61.06999969482422,18980400.0,60.93088912963867
2022-01-11,61.560001373291016,60.150001525878906,61.25,61.459999084472656,16463800.0,61.31999969482422
2022-01-12,62.720001220703125,59.63999938964844,62.470001220703125,61.029998779296875,20215000.0,60.8909797668457
2022-01-13,63.380001068115234,61.150001525878906,61.45000076293945,61.77000045776367,19283000.0,61.629295349121094
2022-01-14,61.77000045776367,59.9900016784668,61.099998474121094,61.099998474121094,16180300.0,60.960819244384766
2022-01-18,60.349998474121094,58.540000915527344,60.130001068115234,58.790000915527344,18299100.0,58.65608215332031
2022-01-19,59.84000015258789,56.130001068115234,59.310001373291016,56.2400016784668,20576000.0,56.11189270019531
2022-01-20,57.33000183105469,54.41999816894531,56.02000045776367,54.650001525878906,21554100.0,54.5255126953125
2022-01-21,54.70000076293945,52.689998626708984,54.52000045776367,53.279998779296875,25692800.0,53.15863037109375
2022-01-24,52.65999984741211,49.369998931884766,51.400001525878906,52.63999938964844,32931800.0,52.52009201049805
2022-01-25,52.5099983215332,50.81999969482422,51.599998474121094,51.900001525878906,22164500.0,51.781776428222656
2022-01-26,53.9900016784668,51.470001220703125,53.56999969482422,52.349998474121094,23174300.0,52.230751037597656
2022-01-27,53.349998474121094,51.06999969482422,52.849998474121094,51.45000076293945,21357400.0,51.332801818847656
2022-01-28,51.25,49.2400016784668,51.25,50.2400016784668,26732600.0,50.12556076049805
2022-01-31,52.75,49.970001220703125,50.5,52.72999954223633,20255200.0,52.609886169433594
2022-02-01,54.2400016784668,52.119998931884766,52.849998474121094,54.06999969482422,23169600.0,53.946834564208984
2022-02-02,55.54999923706055,51.68000030517578,54.91999816894531,53.5,34371700.0,53.37813186645508
2022-02-03,54.41999816894531,52.54999923706055,52.599998474121094,53.11000061035156,23751800.0,52.98902130126953
2022-02-04,51.849998474121094,50.52000045776367,51.619998931884766,51.290000915527344,22794900.0,51.17316818237305
2022-02-07,52.0,50.52000045776367,51.4900016784668,50.709999084472656,18046500.0,50.594486236572266
2022-02-08,49.880001068115234,47.58000183105469,48.7400016784668,49.459999084472656,38629700.0,49.34733200073242
2022-02-09,51.68000030517578,50.15999984741211,50.310001373291016,50.720001220703125,24290800.0,50.60446548461914
2022-02-10,51.790000915527344,49.599998474121094,49.72999954223633,50.34000015258789,17017600.0,50.2253303527832
2022-02-11,50.970001220703125,48.540000915527344,50.63999938964844,48.83000183105469,20183800.0,48.718772888183594
2022-02-14,49.189998626708984,48.0,48.869998931884766,48.400001525878906,17549800.0,48.28974914550781
2022-02-15,49.90999984741211,48.93000030517578,49.36000061035156,49.66999816894531,15238500.0,49.556854248046875
2022-02-16,50.56999969482422,49.2599983215332,49.43000030517578,50.43000030517578,13865500.0,50.31512451171875
2022-02-17,49.849998474121094,48.65999984741211,49.810001373291016,48.81999969482422,13482800.0,48.70879364013672
2022-02-18,49.209999084472656,47.91999816894531,48.91999816894531,48.599998474121094,16615900.0,48.48929214477539
2022-02-22,47.939998626708984,46.15999984741211,47.779998779296875,46.77000045776367,19620300.0,46.6634635925293
2022-02-23,48.29999923706055,46.2599983215332,47.2599983215332,46.380001068115234,13667700.0,46.27435302734375
2022-02-24,46.40999984741211,43.90999984741211,44.150001525878906,46.349998474121094,21003700.0,46.24441909790039
2022-02-25,47.47999954223633,45.849998474121094,46.349998474121094,47.43000030517578,13465100.0,47.32196044921875
2022-02-28,47.119998931884766,45.84000015258789,46.2400016784668,46.720001220703125,18226700.0,46.61357879638672
2022-03-01,46.15999984741211,44.15999984741211,46.02000045776367,44.52000045776367,21534200.0,44.41858673095703
2022-03-02,46.599998474121094,44.560001373291016,44.68000030517578,46.31999969482422,19006400.0,46.21448516845703
2022-03-03,46.7400016784668,44.61000061035156,46.209999084472656,44.900001525878906,18956300.0,44.79772186279297
2022-03-04,44.15999984741211,41.9900016784668,44.029998779296875,42.400001525878906,26534700.0,42.30341720581055
2022-03-07,42.439998626708984,39.75,42.290000915527344,39.83000183105469,25949900.0,39.73927307128906
2022-03-08,42.310001373291016,39.959999084472656,40.84000015258789,40.20000076293945,24145100.0,40.108428955078125
2022-03-09,42.86000061035156,41.79999923706055,42.2599983215332,42.279998779296875,21309000.0,42.18368911743164
2022-03-10,42.22999954223633,40.849998474121094,41.40999984741211,41.849998474121094,17991200.0,41.754669189453125
2022-03-11,42.34000015258789,41.47999954223633,42.08000183105469,41.5099983215332,13617900.0,41.415443420410156
2022-03-14,42.43000030517578,40.369998931884766,41.7400016784668,40.83000183105469,18914000.0,40.736995697021484
2022-03-15,42.25,40.79999923706055,40.83000183105469,42.130001068115234,16051000.0,42.03403091430664
2022-03-16,44.16999816894531,42.369998931884766,43.0,43.849998474121094,17014500.0,43.7501106262207
2022-03-17,43.83000183105469,42.599998474121094,42.91999816894531,43.65999984741211,13909000.0,43.560546875
2022-03-18,45.040000915527344,43.130001068115234,43.22999954223633,44.81999969482422,19834400.0,44.71790313720703
2022-03-21,44.66999816894531,43.220001220703125,44.279998779296875,43.61000061035156,17903900.0,43.51066207885742
2022-03-22,45.27000045776367,44.09000015258789,44.2400016784668,44.560001373291016,14703000.0,44.45849609375
2022-03-23,44.52000045776367,43.77000045776367,44.0,43.779998779296875,15142300.0,43.68027114868164
2022-03-24,44.86000061035156,43.95000076293945,44.04999923706055,44.349998474121094,11106200.0,44.24897384643555
2022-03-25,44.310001373291016,43.400001525878906,44.279998779296875,43.650001525878906,10351200.0,43.55057144165039
2022-03-28,44.25,43.279998779296875,43.900001525878906,44.220001220703125,12175200.0,44.11927032470703
2022-03-29,46.7400016784668,45.2400016784668,45.40999984741211,46.2599983215332,16784100.0,46.15462112426758
2022-03-30,46.029998779296875,45.040000915527344,45.63999938964844,45.220001220703125,12818800.0,45.11699295043945
2022-03-31,44.900001525878906,43.7400016784668,44.84000015258789,43.7400016784668,17335000.0,43.64036560058594
2022-04-01,44.45000076293945,42.40999984741211,44.15999984741211,42.959999084472656,16791500.0,42.86214065551758
2022-04-04,43.41999816894531,42.529998779296875,43.27000045776367,43.18000030517578,12593000.0,43.08163833618164
2022-04-05,43.15999984741211,41.31999969482422,42.959999084472656,41.41999816894531,19853900.0,41.325645446777344
2022-04-06,41.33000183105469,39.47999954223633,40.790000915527344,39.5,29254900.0,39.4100227355957
2022-04-07,39.529998779296875,37.599998474121094,39.290000915527344,38.720001220703125,28297600.0,38.63180160522461
2022-04-08,40.04999923706055,38.16999816894531,38.349998474121094,39.349998474121094,22086800.0,39.2603645324707
2022-04-11,41.34000015258789,38.689998626708984,38.810001373291016,40.33000183105469,25015300.0,40.23813247680664
2022-04-12,40.779998779296875,39.63999938964844,40.61000061035156,40.040000915527344,17212800.0,39.94879150390625
2022-04-13,40.45000076293945,39.54999923706055,39.619998931884766,40.220001220703125,10897600.0,40.12838363647461
2022-04-14,40.779998779296875,40.09000015258789,40.150001525878906,40.130001068115234,13315700.0,40.03858947753906
2022-04-18,40.93000030517578,39.95000076293945,40.130001068115234,40.630001068115234,11798000.0,40.53744888305664
2022-04-19,42.189998626708984,40.810001373291016,40.810001373291016,42.08000183105469,13852800.0,41.98414611816406
2022-04-20,43.2400016784668,41.689998626708984,42.25,41.720001220703125,12989800.0,41.62496566772461
2022-04-21,43.0,40.560001373291016,42.7599983215332,40.709999084472656,12544000.0,40.61726379394531
2022-04-22,40.7400016784668,39.779998779296875,40.459999084472656,39.84000015258789,17718400.0,39.74924850463867
2022-04-25,39.9900016784668,38.66999816894531,39.349998474121094,39.81999969482422,18704400.0,39.72929382324219
2022-04-26,39.45000076293945,37.88999938964844,39.220001220703125,38.040000915527344,21679500.0,37.95335006713867
2022-04-27,39.52000045776367,37.70000076293945,38.290000915527344,38.65999984741211,19827700.0,38.571937561035156
2022-04-28,39.61000061035156,37.310001373291016,39.349998474121094,38.75,22795600.0,38.6617317199707
2022-04-29,39.41999816894531,37.779998779296875,38.810001373291016,37.90999984741211,16737800.0,37.82364273071289
2022-05-02,38.4900016784668,37.25,37.66999816894531,38.45000076293945,16119900.0,38.3624153137207
2022-05-03,40.27000045776367,38.81999969482422,39.31999969482422,39.939998626708984,19132700.0,39.84901809692383
2022-05-04,41.2400016784668,39.29999923706055,39.599998474121094,41.16999816894531,15813700.0,41.07621765136719
2022-05-05,40.75,39.349998474121094,40.31999969482422,39.95000076293945,15317100.0,39.8589973449707
2022-05-06,40.119998931884766,38.79999923706055,39.790000915527344,39.58000183105469,14684900.0,39.48984146118164
2022-05-09,40.220001220703125,38.08000183105469,38.97999954223633,38.2599983215332,18508800.0,38.17284393310547
2022-05-10,39.4900016784668,37.52000045776367,39.38999938964844,38.70000076293945,20206400.0,38.611846923828125
2022-05-11,39.439998626708984,37.16999816894531,38.779998779296875,37.27000045776367,18050800.0,37.18510437011719
2022-05-12,36.20000076293945,34.58000183105469,35.459999084472656,35.560001373291016,43172200.0,35.479000091552734
2022-05-13,38.4900016784668,36.06999969482422,36.18000030517578,38.209999084472656,22997300.0,38.12295913696289
2022-05-16,38.040000915527344,36.7599983215332,38.0099983215332,37.099998474121094,16512200.0,37.01548767089844
2022-05-17,38.54999923706055,37.349998474121094,38.029998779296875,38.099998474121094,15505700.0,38.01321029663086
2022-05-18,37.77000045776367,35.59000015258789,37.5,35.83000183105469,19255700.0,35.748382568359375
2022-05-19,36.650001525878906,35.150001525878906,35.380001068115234,36.119998931884766,15545100.0,36.0377197265625
2022-05-20,37.08000183105469,34.38999938964844,37.0099983215332,35.400001525878906,24408000.0,35.31936264038086
2022-05-23,36.61000061035156,35.09000015258789,35.93000030517578,36.0,19959800.0,35.91799545288086
2022-05-24,35.56999969482422,34.310001373291016,35.529998779296875,35.209999084472656,16717000.0,35.12979507446289
2022-05-25,36.349998474121094,34.900001525878906,34.900001525878906,35.97999954223633,15409500.0,35.898040771484375
2022-05-26,37.7599983215332,36.380001068115234,36.380001068115234,37.41999816894531,14568400.0,37.33475875854492
2022-05-27,38.59000015258789,37.36000061035156,37.79999923706055,38.56999969482422,15684100.0,38.482139587402344
2022-05-31,38.95000076293945,37.959999084472656,38.61000061035156,38.68000030517578,19857900.0,38.59189224243164
2022-06-01,39.63999938964844,37.900001525878906,39.0099983215332,38.27000045776367,12190800.0,38.182823181152344
2022-06-02,39.25,38.36000061035156,38.400001525878906,38.869998931884766,10735500.0,38.781455993652344
2022-06-03,38.290000915527344,37.47999954223633,38.09000015258789,37.61000061035156,11670500.0,37.524330139160156
2022-06-06,38.43000030517578,37.5099983215332,38.349998474121094,37.83000183105469,11029000.0,37.74382781982422
2022-06-07,38.459999084472656,36.81999969482422,37.220001220703125,38.369998931884766,14517600.0,38.282596588134766
2022-06-08,38.77000045776367,37.630001068115234,38.34000015258789,37.689998626708984,10210300.0,37.60414505004883
2022-06-09,37.68000030517578,36.630001068115234,37.47999954223633,36.650001525878906,9306500.0,36.5665168762207
2022-06-10,36.369998931884766,35.0,35.72999954223633,35.0099983215332,15875500.0,34.93024826049805
2022-06-13,34.08000183105469,32.150001525878906,33.86000061035156,32.279998779296875,23202000.0,32.20646667480469
2022-06-14,33.59000015258789,32.470001220703125,32.66999816894531,33.20000076293945,17891000.0,33.12437438964844
2022-06-15,34.599998474121094,33.349998474121094,33.36000061035156,34.18000030517578,19116000.0,34.102142333984375
2022-06-16,32.849998474121094,30.920000076293945,32.849998474121094,31.420000076293945,22783200.0,31.34842872619629
2022-06-17,32.38999938964844,30.649999618530273,31.450000762939453,31.8799991607666,23649700.0,31.8073787689209
2022-06-21,33.099998474121094,31.889999389648438,32.83000183105469,32.63999938964844,16627600.0,32.56564712524414
2022-06-22,33.5099983215332,32.029998779296875,32.189998626708984,32.83000183105469,14974100.0,32.755218505859375
2022-06-23,33.349998474121094,32.22999954223633,32.91999816894531,32.9900016784668,14410100.0,32.914852142333984
2022-06-24,35.0,33.060001373291016,33.11000061035156,34.81999969482422,18401600.0,34.740684509277344
2022-06-27,35.31999969482422,34.34000015258789,34.9900016784668,34.630001068115234,10443100.0,34.551116943359375
2022-06-28,36.130001068115234,33.95000076293945,35.189998626708984,33.9900016784668,15197100.0,33.912574768066406
2022-06-29,33.869998931884766,32.65999984741211,33.79999923706055,33.45000076293945,11426700.0,33.37380599975586
2022-06-30,32.7400016784668,31.40999984741211,32.59000015258789,31.760000228881836,20144800.0,31.687654495239258
2022-07-01,32.880001068115234,31.260000228881836,31.280000686645508,32.189998626708984,21175000.0,32.11667251586914
2022-07-05,32.43000030517578,30.329999923706055,31.110000610351562,32.369998931884766,19646200.0,32.2962646484375
2022-07-06,32.4900016784668,30.940000534057617,32.04999923706055,31.270000457763672,17101100.0,31.19877052307129
2022-07-07,32.849998474121094,31.950000762939453,32.0,32.65999984741211,14022900.0,32.585601806640625
2022-07-08,33.130001068115234,32.25,32.689998626708984,32.310001373291016,11765200.0,32.23640060424805
2022-07-11,32.20000076293945,30.790000915527344,31.90999984741211,30.8700008392334,17121600.0,30.7996826171875
2022-07-12,32.060001373291016,30.799999237060547,30.920000076293945,31.530000686645508,19773400.0,31.45817756652832
2022-07-13,31.850000381469727,30.360000610351562,30.850000381469727,31.719999313354492,16196700.0,31.647743225097656
2022-07-14,31.649999618530273,30.670000076293945,31.149999618530273,31.59000015258789,14450400.0,31.518041610717773
2022-07-15,32.91999816894531,31.709999084472656,32.25,32.869998931884766,12982900.0,32.79512405395508
2022-07-18,33.59000015258789,32.47999954223633,33.29999923706055,32.619998931884766,12679300.0,32.545692443847656
2022-07-19,34.630001068115234,33.279998779296875,33.349998474121094,34.400001525878906,13186300.0,34.32164001464844
2022-07-20,35.02000045776367,34.04999923706055,34.18000030517578,34.7599983215332,10110600.0,34.680816650390625
2022-07-21,35.130001068115234,34.36000061035156,34.7599983215332,35.130001068115234,10857400.0,35.04997634887695
2022-07-22,35.20000076293945,34.290000915527344,35.16999816894531,34.66999816894531,13616700.0,34.59102249145508
2022-07-25,35.04999923706055,34.130001068115234,34.86000061035156,34.52000045776367,14782700.0,34.441368103027344
2022-07-26,34.08000183105469,33.040000915527344,34.029998779296875,33.34000015258789,14533000.0,33.26405334472656
2022-07-27,34.79999923706055,33.630001068115234,34.02000045776367,34.68000030517578,12292800.0,34.60100173950195
2022-07-28,35.75,34.599998474121094,35.0099983215332,35.7400016784668,11802100.0,35.65858840942383
2022-07-29,36.439998626708984,35.38999938964844,35.75,36.2599983215332,14375900.0,36.17740249633789
2022-08-01,36.97999954223633,35.599998474121094,36.060001373291016,36.77000045776367,12224200.0,36.686241149902344
2022-08-02,36.959999084472656,36.11000061035156,36.31999969482422,36.130001068115234,13124000.0,36.047698974609375
2022-08-03,38.189998626708984,36.75,36.790000915527344,37.310001373291016,16047700.0,37.225013732910156
2022-08-04,37.15999984741211,36.06999969482422,37.02000045776367,36.22999954223633,16882100.0,36.1474723815918
2022-08-05,36.279998779296875,35.59000015258789,35.91999816894531,36.060001373291016,10878600.0,35.97785949707031
2022-08-08,38.18000030517578,36.459999084472656,36.619998931884766,37.560001373291016,17398800.0,37.47444152832031
2022-08-09,37.349998474121094,36.220001220703125,37.27000045776367,36.619998931884766,12752200.0,36.536582946777344
2022-08-10,38.47999954223633,37.4900016784668,37.689998626708984,37.95000076293945,10663300.0,37.863555908203125
2022-08-11,39.040000915527344,38.18000030517578,38.689998626708984,38.459999084472656,10221400.0,38.37239074707031
2022-08-12,39.5099983215332,38.47999954223633,38.83000183105469,39.47999954223633,8905300.0,39.39006805419922
2022-08-15,39.689998626708984,38.810001373291016,38.880001068115234,39.400001525878906,9626400.0,39.31025314331055
2022-08-16,39.599998474121094,38.720001220703125,38.95000076293945,38.9900016784668,13944400.0,38.90118408203125
2022-08-17,38.689998626708984,37.650001525878906,38.189998626708984,38.400001525878906,10656700.0,38.312530517578125
2022-08-18,38.900001525878906,38.060001373291016,38.33000183105469,38.720001220703125,7004100.0,38.63180160522461
2022-08-19,40.279998779296875,39.09000015258789,39.2400016784668,39.70000076293945,23306500.0,39.60956954956055
2022-08-22,38.81999969482422,37.91999816894531,38.2400016784668,38.54999923706055,20921400.0,38.46218490600586
2022-08-23,39.40999984741211,38.41999816894531,38.959999084472656,38.560001373291016,15394400.0,38.472164154052734
2022-08-24,39.72999954223633,38.31999969482422,38.61000061035156,39.25,12710300.0,39.16059112548828
2022-08-25,40.779998779296875,39.34000015258789,39.36000061035156,40.38999938964844,15211900.0,40.29799270629883
2022-08-26,41.09000015258789,39.220001220703125,40.75,39.22999954223633,16179500.0,39.1406364440918
2022-08-29,39.97999954223633,38.70000076293945,38.77000045776367,39.5099983215332,13408900.0,39.41999816894531
2022-08-30,39.880001068115234,38.58000183105469,39.7599983215332,39.130001068115234,15090600.0,39.130001068115234
2022-08-31,39.22999954223633,38.119998931884766,39.20000076293945,38.209999084472656,15390300.0,38.209999084472656
2022-09-01,38.599998474121094,37.5099983215332,37.810001373291016,38.560001373291016,11370800.0,38.560001373291016
2022-09-02,39.529998779296875,38.33000183105469,39.31999969482422,38.470001220703125,10853500.0,38.470001220703125
2022-09-06,39.470001220703125,38.40999984741211,38.810001373291016,38.709999084472656,19717300.0,38.709999084472656
2022-09-07,40.16999816894531,38.400001525878906,38.52000045776367,40.11000061035156,15832400.0,40.11000061035156
2022-09-08,40.66999816894531,39.349998474121094,39.45000076293945,40.5,15754700.0,40.5
2022-09-09,41.540000915527344,40.70000076293945,40.75,41.290000915527344,12912900.0,41.290000915527344
2022-09-12,42.36000061035156,41.40999984741211,41.65999984741211,42.04999923706055,16332900.0,42.04999923706055
2022-09-13,41.41999816894531,40.349998474121094,40.599998474121094,40.529998779296875,14841600.0,40.529998779296875
2022-09-14,40.849998474121094,39.7400016784668,40.7400016784668,40.619998931884766,15239200.0,40.619998931884766
2022-09-15,42.130001068115234,40.540000915527344,40.56999969482422,40.65999984741211,15193900.0,40.65999984741211
2022-09-16,40.56999969482422,39.709999084472656,40.060001373291016,39.970001220703125,20888100.0,39.970001220703125
2022-09-19,41.439998626708984,39.43000030517578,39.5,41.38999938964844,13267700.0,41.38999938964844
2022-09-20,40.599998474121094,38.900001525878906,40.22999954223633,39.060001373291016,25401500.0,39.060001373291016
2022-09-21,39.689998626708984,37.66999816894531,39.15999984741211,37.68000030517578,20455600.0,37.68000030517578
2022-09-22,38.040000915527344,37.189998626708984,37.810001373291016,37.380001068115234,13519700.0,37.380001068115234
2022-09-23,36.720001220703125,34.84000015258789,36.470001220703125,35.47999954223633,17886200.0,35.47999954223633
2022-09-26,36.04999923706055,34.66999816894531,35.099998474121094,35.040000915527344,16777700.0,35.040000915527344
2022-09-27,35.68000030517578,34.06999969482422,35.54999923706055,34.709999084472656,13541700.0,34.709999084472656
2022-09-28,35.5,34.36000061035156,34.75,35.25,12046200.0,35.25
2022-09-29,34.380001068115234,32.81999969482422,34.0099983215332,33.2599983215332,14825100.0,33.2599983215332
2022-09-30,33.209999084472656,32.04999923706055,32.93000030517578,32.09000015258789,16142300.0,32.09000015258789
2022-10-03,33.290000915527344,31.610000610351562,32.459999084472656,32.869998931884766,14697300.0,32.869998931884766
2022-10-04,35.79999923706055,33.91999816894531,34.20000076293945,35.79999923706055,19811700.0,35.79999923706055
2022-10-05,35.02000045776367,33.810001373291016,34.380001068115234,34.84000015258789,18679400.0,34.84000015258789
2022-10-06,35.16999816894531,34.380001068115234,34.58000183105469,34.630001068115234,11435800.0,34.630001068115234
2022-10-07,34.2599983215332,33.400001525878906,34.060001373291016,33.619998931884766,11186400.0,33.619998931884766
2022-10-10,32.619998931884766,31.110000610351562,32.380001068115234,32.290000915527344,22996100.0,32.290000915527344
